"id","title","company","location","salary","url","source","posted_date","scraped_at"
"3e6896f3d987","Java Software Engineer","OBSS","Nairobi County, Kenya","","https://ke.linkedin.com/jobs/view/java-software-engineer-at-obss-4327940544","LinkedIn","2026-02-13T15:37:15Z","2026-02-13T15:37:15Z"
"ea63b6d9d095","Senior Software Engineer - Python/MongoDB","Canonical","Nairobi, Nairobi County, Kenya","","https://ke.linkedin.com/jobs/view/senior-software-engineer-python-mongodb-at-canonical-4370325059","LinkedIn","2026-02-13T15:37:15Z","2026-02-13T15:37:15Z"
"5bd9d43f7717","Senior Software Engineer","GiveDirectly","Nairobi, Nairobi County, Kenya","","https://ke.linkedin.com/jobs/view/senior-software-engineer-at-givedirectly-4360951742","LinkedIn","2026-02-13T15:37:15Z","2026-02-13T15:37:15Z"
"833d29cb1d5d","Data Engineer","International Rescue Committee","Nairobi, Nairobi County, Kenya","","https://ke.linkedin.com/jobs/view/data-engineer-at-international-rescue-committee-4365395852","LinkedIn","2026-02-13T15:37:15Z","2026-02-13T15:37:15Z"
"e9f7c811c3e4","Software Engineer","Quanta360","Nairobi County, Kenya","","https://ke.linkedin.com/jobs/view/software-engineer-at-quanta360-4363988430","LinkedIn","2026-02-13T15:37:15Z","2026-02-13T15:37:15Z"
"953610386a0e","Data Engineer | Remote","Crossing Hurdles","Kenya","","https://ke.linkedin.com/jobs/view/data-engineer-remote-at-crossing-hurdles-4371115991","LinkedIn","2026-02-13T15:37:15Z","2026-02-13T15:37:15Z"
"bb3d9de039f6","Software Engineer | Remote","Crossing Hurdles","Kenya","","https://ke.linkedin.com/jobs/view/software-engineer-remote-at-crossing-hurdles-4371131772","LinkedIn","2026-02-13T15:37:15Z","2026-02-13T15:37:15Z"
"12926987a7d0","Data Scientist | Remote","Crossing Hurdles","Kenya","","https://ke.linkedin.com/jobs/view/data-scientist-remote-at-crossing-hurdles-4371127580","LinkedIn","2026-02-13T15:37:15Z","2026-02-13T15:37:15Z"
"41aa2ebd5a77","Data Scientist","Wave Mobile Money","Kenya","","https://ke.linkedin.com/jobs/view/data-scientist-at-wave-mobile-money-4370906970","LinkedIn","2026-02-13T15:37:15Z","2026-02-13T15:37:15Z"
"dcd7b5d578aa","Data Scientist","Educate!","Nairobi, Nairobi County, Kenya","","https://ke.linkedin.com/jobs/view/data-scientist-at-educate%21-4370510405","LinkedIn","2026-02-13T15:37:15Z","2026-02-13T15:37:15Z"
"fa8319f6407a","Quantitative Analytics Lending Analyst – REMOTE","CGS Business Solutions","Texas, United States","","https://www.linkedin.com/jobs/view/quantitative-analytics-lending-analyst-%E2%80%93-remote-at-cgs-business-solutions-4370447057","LinkedIn","2026-02-13T15:37:14Z","2026-02-13T15:37:14Z"
"a8378894ac9a","Quantitative Developer - Powering systematic trading in a global Hedge Fund","Saragossa","London Area, United Kingdom","","https://uk.linkedin.com/jobs/view/quantitative-developer-powering-systematic-trading-in-a-global-hedge-fund-at-saragossa-4363095907","LinkedIn","2026-02-13T15:37:13Z","2026-02-13T15:37:13Z"
"cefc48fbb989","Python Developer | Remote","Crossing Hurdles","United Kingdom","","https://uk.linkedin.com/jobs/view/python-developer-remote-at-crossing-hurdles-4370233891","LinkedIn","2026-02-13T15:37:10Z","2026-02-13T15:37:10Z"
"0d348ac59cdd","Python Software Engineer - Remote Working - Up to £120,000 Base (+Bonus, equity etc)","Hunter Bond","London Area, United Kingdom","","https://uk.linkedin.com/jobs/view/python-software-engineer-remote-working-up-to-%C2%A3120-000-base-%2Bbonus-equity-etc-at-hunter-bond-4361869035","LinkedIn","2026-02-13T15:37:10Z","2026-02-13T15:37:10Z"
"1eb158e3cfa2","Junior Front-End Developer - Web Development (Remote)","PULSEMEDIA","Sharjah, Sharjah Emirate, United Arab Emirates","","https://ae.linkedin.com/jobs/view/junior-front-end-developer-web-development-remote-at-pulsemedia-4371277183","LinkedIn","2026-02-13T15:37:09Z","2026-02-13T15:37:09Z"
"31b1ed66ad55","Junior Front-End Developer - Web Development (Remote)","PULSEMEDIA","Ajman, Ajman Emirate, United Arab Emirates","","https://ae.linkedin.com/jobs/view/junior-front-end-developer-web-development-remote-at-pulsemedia-4363157132","LinkedIn","2026-02-13T15:37:09Z","2026-02-13T15:37:09Z"
"d5560f798693","Junior Front-End Developer - Web Development (Remote)","PULSEMEDIA","Abu Dhabi, Abu Dhabi Emirate, United Arab Emirates","","https://ae.linkedin.com/jobs/view/junior-front-end-developer-web-development-remote-at-pulsemedia-4371257693","LinkedIn","2026-02-13T15:37:09Z","2026-02-13T15:37:09Z"
"f06a1a9f7d07","Data Engineer | Remote","Crossing Hurdles","Kenya","","https://ke.linkedin.com/jobs/view/data-engineer-remote-at-crossing-hurdles-4371115991","LinkedIn","2026-02-13T15:37:08Z","2026-02-13T15:37:08Z"
"3cdb4f116784","Data Analyst","Stanbic Bank Tanzania","Kilimani division, Nairobi County, Kenya","","https://ke.linkedin.com/jobs/view/data-analyst-at-stanbic-bank-tanzania-4371755872","LinkedIn","2026-02-13T15:37:08Z","2026-02-13T15:37:08Z"
"ee6109bbc5a3","Data Scientist","Educate!","Nairobi, Nairobi County, Kenya","","https://ke.linkedin.com/jobs/view/data-scientist-at-educate%21-4370510405","LinkedIn","2026-02-13T15:37:08Z","2026-02-13T15:37:08Z"
"a80d5af2696c","Data Scientist","Wave Mobile Money","Kenya","","https://ke.linkedin.com/jobs/view/data-scientist-at-wave-mobile-money-4370906970","LinkedIn","2026-02-13T15:37:08Z","2026-02-13T15:37:08Z"
"9ede283d409b","Senior Associate, Data Analytics and Customer Insights","Accion","Nairobi County, Kenya","","https://ke.linkedin.com/jobs/view/senior-associate-data-analytics-and-customer-insights-at-accion-4365341278","LinkedIn","2026-02-13T15:37:08Z","2026-02-13T15:37:08Z"
"2ab725074d18","Data Engineer","International Rescue Committee","Nairobi, Nairobi County, Kenya","","https://ke.linkedin.com/jobs/view/data-engineer-at-international-rescue-committee-4365395852","LinkedIn","2026-02-13T15:37:08Z","2026-02-13T15:37:08Z"
"916c1374c3ae","Software Engineer Intern","Resonate CX","Sydney","","https://jobs.swagapp.com/AU/jobs/resonate-solutions-pty-limited-software-engineer-intern-open-to-both-part-time-and-full-time-candidates?src=Linkedin","GitHub-AusJobs","2026-02-13T15:36:38Z","2026-02-13T15:36:38Z"
"5da24ccf7d2c","Summer Vacationer","McGrathNichol","Sydney","","https://www.mcgrathnicol.com/students/","GitHub-AusJobs","2026-02-13T15:36:38Z","2026-02-13T15:36:38Z"
"4dcec0c71028","Students@Work","UniMelb","Melbourne","","https://students.unimelb.edu.au/careers/find-a-job/working-on-campus/students@work-internship-program","GitHub-AusJobs","2026-02-13T15:36:38Z","2026-02-13T15:36:38Z"
"88a02831edaa","Summer Intern","Macquarie","Melbourne, Sydney, Perth, Brisbane","","https://www.macquarie.com/au/en/careers/graduates-and-interns.html","GitHub-AusJobs","2026-02-13T15:36:38Z","2026-02-13T15:36:38Z"
"8526e0aa4193","Career Start Program (Network Engineering/SWE)","Telstra","Major cities","","https://www.telstra.com.au/careers/students-and-graduates/career-start-internship","GitHub-AusJobs","2026-02-13T15:36:38Z","2026-02-13T15:36:38Z"
"843a800c1d91","Summer Intern (Technology stream)","ANZ","Major cities","","https://www.anz.com.au/careers/programs/summer-intern/","GitHub-AusJobs","2026-02-13T15:36:38Z","2026-02-13T15:36:38Z"
"8a2fedcee834","Summer Internship","ResMed","Sydney","","https://resmed.wd3.myworkdayjobs.com/en-US/ResMed_External_Careers/job/Sydney-NSW-Australia/Expression-of-Interest---Summer-Internship-2024-25_JR_032438?q=auearlycareers","GitHub-AusJobs","2026-02-13T15:36:38Z","2026-02-13T15:36:38Z"
"677faf0a5a02","Internship","Optiver","Sydney","","https://optiver.com/working-at-optiver/internships/","GitHub-AusJobs","2026-02-13T15:36:38Z","2026-02-13T15:36:38Z"
"dcf36f7a7fed","STEM Cadetship","Defence Science & Technology Group","Major Cities","","https://www.dst.defence.gov.au/careers/student-opportunities/stem-cadetship-program","GitHub-AusJobs","2026-02-13T15:36:38Z","2026-02-13T15:36:38Z"
"f8a9770f4a3e","Data & Digital Cadetship","Australian Government","Major cities","","https://www.digitalprofession.gov.au/career-development/digital-supported-pathway-programs/data-and-digital-cadet-program","GitHub-AusJobs","2026-02-13T15:36:38Z","2026-02-13T15:36:38Z"
"0eb3d05d1013","Internship Program","Philip Morris International (PMI)","Australia","","https://www.inkompass.global/australia-internship-program","GitHub-AusJobs","2026-02-13T15:36:38Z","2026-02-13T15:36:38Z"
"4ada621b48e4","SWE Intern","CSG","Brisbane","","https://pages.csgi.com/brisbane-graduate-roles-internships/","GitHub-AusJobs","2026-02-13T15:36:38Z","2026-02-13T15:36:38Z"
"2d534fd1a220","Vacation Studentship","CSIRO","Australia","","https://www.csiro.au/en/careers/scholarships-student-opportunities/undergraduate-studentships/undergraduate-vacation-studentships","GitHub-AusJobs","2026-02-13T15:36:38Z","2026-02-13T15:36:38Z"
"7edf0e64b9af","SWE Intern (Rolling application)","CalcTree","Sydney (possibly other locations remote)","","https://app.calctree.com/public/Engineering-Internships-Rolling-basis-wUhzYCtxLj6Ag5PBjC8d66","GitHub-AusJobs","2026-02-13T15:36:38Z","2026-02-13T15:36:38Z"
"13b08107fcec","STEM Summer Vacation Placement","Defence Science & Technology Group","Major cities","","https://www.dst.defence.gov.au/careers/student-opportunities/summer-vacation-placement-program","GitHub-AusJobs","2026-02-13T15:36:38Z","2026-02-13T15:36:38Z"
"4710a02652d3","Summer Intern","NAB","Sydney, Melbourne, Brisbane & Perth (only certain streams)","","https://www.nab.com.au/about-us/careers/early-careers/summer-intern-program","GitHub-AusJobs","2026-02-13T15:36:38Z","2026-02-13T15:36:38Z"
"f54dbb7c007d","Software Engineering Intern","Freelancer.com","Sydney","","https://apply.workable.com/freelancer/j/6FF7D94E6E/?utm_source=linkedin.com&src=LinkedIn&src=LinkedIn&utm_source=linkedin.com&gh_src=i5qg2y1&utm_source=linkedin.com","GitHub-AusJobs","2026-02-13T15:36:38Z","2026-02-13T15:36:38Z"
"55f8351e4a1d","Engineering Intern","GHD","Canberra, NSW (Bega, Nowra, Wagga Wagga & Wollongong)","","https://ejov.fa.ca2.oraclecloud.com/hcmUI/CandidateExperience/en/sites/CX/job/16000?utm_medium=jobboard&utm_source=linkedin","GitHub-AusJobs","2026-02-13T15:36:38Z","2026-02-13T15:36:38Z"
"d8e6adbb9e64","Summer Intern (Cyber, Data Science + more)","CommBank","Australia-wide","","https://www.commbank.com.au/about-us/careers/graduate-intern-programs.html","GitHub-AusJobs","2026-02-13T15:36:38Z","2026-02-13T15:36:38Z"
"ac5196fe4d1e","Summer Vacationer","ARUP","Major cities","","https://www.arup.com/careers/early-careers/internships/australasia/","GitHub-AusJobs","2026-02-13T15:36:38Z","2026-02-13T15:36:38Z"
"1ad2b7dee56c","Advisory Vacationer (Digital & Tech Advisory, Cyber, Risk Advisory)","BDO","Australia","","https://www.bdo.com.au/en-au/about/student-careers","GitHub-AusJobs","2026-02-13T15:36:38Z","2026-02-13T15:36:38Z"
"09c9f504717b","Vacationer","Deloitte","Major cities","","https://www.deloitte.com/au/en/careers/students/summer-vacation-program-careers.html","GitHub-AusJobs","2026-02-13T15:36:38Z","2026-02-13T15:36:38Z"
"59b9a9c0f481","Tech Consulting Vacationer (AI, Cybersec, SWE, Platforms etc)","EY","Sydney, Melbourne, Canberra, Brisbane, Adelaide, Perth","","https://www.ey.com/en_au/careers/students-apply-here","GitHub-AusJobs","2026-02-13T15:36:38Z","2026-02-13T15:36:38Z"
"87e4924e73e1","Engineering Vacationer","KPMG","National","","https://jobs.smartrecruiters.com/ni/KPMGAustralia1/020188bd-86c7-457f-89b1-b086b90057ce-2025-technology-digital-engineering-campaign-vacationer?trid=28eb2d6d-65a4-43a6-82d0-20e7caa7ef29","GitHub-AusJobs","2026-02-13T15:36:38Z","2026-02-13T15:36:38Z"
"54f010eae96c","SWE Intern","Airwallex","Melbourne, Sydney","","https://careers.airwallex.com/job/5af58cf9-341b-4f29-bbf4-2623409d7640/2024-25-software-engineer-intern-program/","GitHub-AusJobs","2026-02-13T15:36:38Z","2026-02-13T15:36:38Z"
"62b63d9881b5","Summer internship","BAE Systems","Australia-wide","","https://www.baesystems.com/en-aus/careers/graduate-and-early-careers#1573679801007","GitHub-AusJobs","2026-02-13T15:36:38Z","2026-02-13T15:36:38Z"
"e9f2efe2fa19","Site Reliability Co-Op","CISCO","Sydney","","https://jobs.cisco.com/jobs/ProjectDetail/Site-Reliability-Co-Op-Emerging-Talent-Meraki-APJC/1425346","GitHub-AusJobs","2026-02-13T15:36:38Z","2026-02-13T15:36:38Z"
"39fffd291a13","Network Support Engineer Intern","CISCO","Sydney","","https://jobs.cisco.com/jobs/ProjectDetail/Network-Support-Engineer-Intern-Fall-2024-ETR-Sydney-Meraki/1422337","GitHub-AusJobs","2026-02-13T15:36:38Z","2026-02-13T15:36:38Z"
"dd5935b0607d","Intern (Data Science, Software, Computing, Robotics)","RioTinto","Australia","","https://www.riotinto.com/careers/graduates-students","GitHub-AusJobs","2026-02-13T15:36:38Z","2026-02-13T15:36:38Z"
"495b793948e5","SWE Intern","Rheinmetall","Brisbane","","https://www.rheinmetall.com/en/job/eoi_engineering_internship_program_/612891","GitHub-AusJobs","2026-02-13T15:36:38Z","2026-02-13T15:36:38Z"
"ea85bc14c857","Summer Student Program (Data Analytics Stream)","Cochlear","Sydney","","https://www.cochlear.com/au/en/corporate/careers/jobs-at-cochlear/graduates-and-students","GitHub-AusJobs","2026-02-13T15:36:38Z","2026-02-13T15:36:38Z"
"529aa568addd","Summer Intern","Westpac","Sydney, Melbourne","","https://www.westpac.com.au/about-westpac/careers/pathways/grad-program/summer-intern/","GitHub-AusJobs","2026-02-13T15:36:38Z","2026-02-13T15:36:38Z"
"8a1fcfcc54c5","APAC Intern","Wellington Management","Sydney","","https://www.linkedin.com/jobs/view/intern-client-group-apac-at-wellington-management-3871933188/?original_referer=https%3A%2F%2Fwww%2Egoogle%2Ecom%2F&originalSubdomain=au","GitHub-AusJobs","2026-02-13T15:36:38Z","2026-02-13T15:36:38Z"
"f5a4815355b8","Careers page","","Fivecast","","https://www.google.com/about/careers/applications/jobs/results/?category=DATA_CENTER_OPERATIONS&category=DEVELOPER_RELATIONS&category=HARDWARE_ENGINEERING&category=INFORMATION_TECHNOLOGY&category=MANUFACTURING_SUPPLY_CHAIN&category=NETWORK_ENGINEERING&category=PRODUCT_MANAGEMENT&category=PROGRAM_MANAGEMENT&category=SOFTWARE_ENGINEERING&category=TECHNICAL_INFRASTRUCTURE_ENGINEERING&category=TECHNICAL_SOLUTIONS&category=TECHNICAL_WRITING&category=USER_EXPERIENCE&jex=ENTRY_LEVEL&employment_type=PART_TIME&employment_type=INTERN&location=Australia","GitHub-AusJobs","2026-02-13T15:36:38Z","2026-02-13T15:36:38Z"
"4c3d33c0a284","Student opportunities","","Akuna Capital","","https://careers.imc.com/us/en/students","GitHub-AusJobs","2026-02-13T15:36:38Z","2026-02-13T15:36:38Z"
"a35088c522a0","Careers page","","IMC Trading","","https://www.palantir.com/careers/","GitHub-AusJobs","2026-02-13T15:36:38Z","2026-02-13T15:36:38Z"
"eb595c67d240","Careers page","","Palantir","","https://www.atlassian.com/company/careers/all-jobs?team=Interns&location=Australia&search=","GitHub-AusJobs","2026-02-13T15:36:38Z","2026-02-13T15:36:38Z"
"6cde2e546e84","Careers page","","Atlassian","","https://australiance.vincere.io/careers/?unit=km&radius=100&page=1&search=1","GitHub-AusJobs","2026-02-13T15:36:38Z","2026-02-13T15:36:38Z"
"a74618122a75","Careers page","","CISCO","","https://www.jumptrading.com/careers/","GitHub-AusJobs","2026-02-13T15:36:38Z","2026-02-13T15:36:38Z"
"11f970b57c6e","Careers page","","Australiance - Healthtech Startup","","https://jobs.cisco.com/jobs/SearchJobs/intern?21178=%5B214420%5D&21178_format=6020&listFilterMode=1","GitHub-AusJobs","2026-02-13T15:36:38Z","2026-02-13T15:36:38Z"
"c1b473c4518c","NAB StarCamp (Bootcamp) & Emerging Tech Talent (Internship Rotations)","Melbourne","Must complete StarCamp to access Tech Talent Internship","","https://www.nab.com.au/about-us/careers/early-careers/technology-talent-program","GitHub-AusJobs","2026-02-13T15:36:38Z","2026-02-13T15:36:38Z"
"1787bb4051a6","SWE Intern","Aurecon","Sydney","","https://www.aurecongroup.com/careers/early-careers/intern-programme","GitHub-AusJobs","2026-02-13T15:36:38Z","2026-02-13T15:36:38Z"
"39fa055f44a5","Summer Intern","UBS","Sydney, Melbourne, Perth","","https://www.ubs.com/global/en/careers/early-careers/opportunities/summer-internship.html","GitHub-AusJobs","2026-02-13T15:36:38Z","2026-02-13T15:36:38Z"
"dfc6a3e153ec","Summer Intern (SWE, Data Science, Security)","Canva","Sydney","","https://www.canva.com/newsroom/news/a-look-into-early-talent-at-canva/","GitHub-AusJobs","2026-02-13T15:36:38Z","2026-02-13T15:36:38Z"
"cd0882f9c19c","SWE Intern","Resonate Solutions","Sydney","","https://jobs.swagapp.com/AU/jobs/resonate-solutions-pty-limited-software-engineer-intern-open-to-both-part-time-and-full-time-candidates","GitHub-AusJobs","2026-02-13T15:36:38Z","2026-02-13T15:36:38Z"
"50927d937b0b","SWE Intern","theTradeDesk","Sydney","","https://careers.thetradedesk.com/early-careers","GitHub-AusJobs","2026-02-13T15:36:38Z","2026-02-13T15:36:38Z"
"b8ebb3fae61d","IT Summer Intern","Boeing","Melbourne, Brisbane, Adelaide","","https://au.prosple.com/graduate-employers/boeing-australia/jobs-internships/it-university-summer-internship","GitHub-AusJobs","2026-02-13T15:36:38Z","2026-02-13T15:36:38Z"
"b66910af4b19","Intern Software Engineer (Testing)","swipejobs","Sydney","","https://swipejobs.breezy.hr/p/07fe79726f76-intern-software-engineer-testing","GitHub-AusJobs","2026-02-13T15:36:38Z","2026-02-13T15:36:38Z"
"614a80bab171","Data Engineer | Remote","Crossing Hurdles","Kenya","","https://ke.linkedin.com/jobs/view/data-engineer-remote-at-crossing-hurdles-4371115991","LinkedIn","2026-02-13T14:57:30Z","2026-02-13T14:57:30Z"
"d75a70478537","Senior Software Engineer","GiveDirectly","Nairobi, Nairobi County, Kenya","","https://ke.linkedin.com/jobs/view/senior-software-engineer-at-givedirectly-4360951742","LinkedIn","2026-02-13T14:57:30Z","2026-02-13T14:57:30Z"
"a6f46917cd45","Software Engineer","Quanta360","Nairobi County, Kenya","","https://ke.linkedin.com/jobs/view/software-engineer-at-quanta360-4363988430","LinkedIn","2026-02-13T14:57:30Z","2026-02-13T14:57:30Z"
"8c8477b00855","Data Engineer","International Rescue Committee","Nairobi, Nairobi County, Kenya","","https://ke.linkedin.com/jobs/view/data-engineer-at-international-rescue-committee-4365395852","LinkedIn","2026-02-13T14:57:30Z","2026-02-13T14:57:30Z"
"a6c657acda41","Data Scientist","Educate!","Nairobi, Nairobi County, Kenya","","https://ke.linkedin.com/jobs/view/data-scientist-at-educate%21-4370510405","LinkedIn","2026-02-13T14:57:30Z","2026-02-13T14:57:30Z"
"c7a07b55de98","Software Engineer | Remote","Crossing Hurdles","Kenya","","https://ke.linkedin.com/jobs/view/software-engineer-remote-at-crossing-hurdles-4371131772","LinkedIn","2026-02-13T14:57:30Z","2026-02-13T14:57:30Z"
"b1140a9167ce","Data Scientist","Wave Mobile Money","Kenya","","https://ke.linkedin.com/jobs/view/data-scientist-at-wave-mobile-money-4370906970","LinkedIn","2026-02-13T14:57:30Z","2026-02-13T14:57:30Z"
"9f05c21aeea0","Java Software Engineer","OBSS","Nairobi County, Kenya","","https://ke.linkedin.com/jobs/view/java-software-engineer-at-obss-4327940544","LinkedIn","2026-02-13T14:57:30Z","2026-02-13T14:57:30Z"
"3def73ff9795","Senior Software Engineer - Python/MongoDB","Canonical","Nairobi, Nairobi County, Kenya","","https://ke.linkedin.com/jobs/view/senior-software-engineer-python-mongodb-at-canonical-4370325059","LinkedIn","2026-02-13T14:57:30Z","2026-02-13T14:57:30Z"
"a0d44d83193b","Data Scientist | Remote","Crossing Hurdles","Kenya","","https://ke.linkedin.com/jobs/view/data-scientist-remote-at-crossing-hurdles-4371127580","LinkedIn","2026-02-13T14:57:30Z","2026-02-13T14:57:30Z"
"7b47fd240b17","Quantitative Analytics Lending Analyst – REMOTE","CGS Business Solutions","Texas, United States","","https://www.linkedin.com/jobs/view/quantitative-analytics-lending-analyst-%E2%80%93-remote-at-cgs-business-solutions-4370447057","LinkedIn","2026-02-13T14:57:29Z","2026-02-13T14:57:29Z"
"0c69918c2d6b","Quantitative Developer - Powering systematic trading in a global Hedge Fund","Saragossa","London Area, United Kingdom","","https://uk.linkedin.com/jobs/view/quantitative-developer-powering-systematic-trading-in-a-global-hedge-fund-at-saragossa-4363095907","LinkedIn","2026-02-13T14:57:28Z","2026-02-13T14:57:28Z"
"c82dd4c6f65d","Python Software Engineer - Remote Working - Up to £120,000 Base (+Bonus, equity etc)","Hunter Bond","London Area, United Kingdom","","https://uk.linkedin.com/jobs/view/python-software-engineer-remote-working-up-to-%C2%A3120-000-base-%2Bbonus-equity-etc-at-hunter-bond-4361869035","LinkedIn","2026-02-13T14:57:25Z","2026-02-13T14:57:25Z"
"f0dd6eaa5021","Python Developer | Remote","Crossing Hurdles","United Kingdom","","https://uk.linkedin.com/jobs/view/python-developer-remote-at-crossing-hurdles-4370233891","LinkedIn","2026-02-13T14:57:25Z","2026-02-13T14:57:25Z"
"74ec51a1be91","Junior Front-End Developer - Web Development (Remote)","PULSEMEDIA","Ajman, Ajman Emirate, United Arab Emirates","","https://ae.linkedin.com/jobs/view/junior-front-end-developer-web-development-remote-at-pulsemedia-4363157132","LinkedIn","2026-02-13T14:57:24Z","2026-02-13T14:57:24Z"
"3646509129a1","Junior Front-End Developer - Web Development (Remote)","PULSEMEDIA","Abu Dhabi, Abu Dhabi Emirate, United Arab Emirates","","https://ae.linkedin.com/jobs/view/junior-front-end-developer-web-development-remote-at-pulsemedia-4371257693","LinkedIn","2026-02-13T14:57:24Z","2026-02-13T14:57:24Z"
"8a8c55cb9f51","Junior Front-End Developer - Web Development (Remote)","PULSEMEDIA","Sharjah, Sharjah Emirate, United Arab Emirates","","https://ae.linkedin.com/jobs/view/junior-front-end-developer-web-development-remote-at-pulsemedia-4371277183","LinkedIn","2026-02-13T14:57:24Z","2026-02-13T14:57:24Z"
"98d42f449ba9","Data Engineer","International Rescue Committee","Nairobi, Nairobi County, Kenya","","https://ke.linkedin.com/jobs/view/data-engineer-at-international-rescue-committee-4365395852","LinkedIn","2026-02-13T14:57:23Z","2026-02-13T14:57:23Z"
"515508d8e41f","Data Scientist","Wave Mobile Money","Kenya","","https://ke.linkedin.com/jobs/view/data-scientist-at-wave-mobile-money-4370906970","LinkedIn","2026-02-13T14:57:23Z","2026-02-13T14:57:23Z"
"94887fcc9ef1","Data Engineer | Remote","Crossing Hurdles","Kenya","","https://ke.linkedin.com/jobs/view/data-engineer-remote-at-crossing-hurdles-4371115991","LinkedIn","2026-02-13T14:57:23Z","2026-02-13T14:57:23Z"
"f3fb93f98e48","Data Analyst","Stanbic Bank Tanzania","Kilimani division, Nairobi County, Kenya","","https://ke.linkedin.com/jobs/view/data-analyst-at-stanbic-bank-tanzania-4371755872","LinkedIn","2026-02-13T14:57:23Z","2026-02-13T14:57:23Z"
"b0c7d25bd1ff","Data Scientist","Educate!","Nairobi, Nairobi County, Kenya","","https://ke.linkedin.com/jobs/view/data-scientist-at-educate%21-4370510405","LinkedIn","2026-02-13T14:57:23Z","2026-02-13T14:57:23Z"
"6b6e937b3db7","Senior Associate, Data Analytics and Customer Insights","Accion","Nairobi County, Kenya","","https://ke.linkedin.com/jobs/view/senior-associate-data-analytics-and-customer-insights-at-accion-4365341278","LinkedIn","2026-02-13T14:57:23Z","2026-02-13T14:57:23Z"
"812229513049","Java Software Engineer","OBSS","Nairobi County, Kenya","","https://ke.linkedin.com/jobs/view/java-software-engineer-at-obss-4327940544","LinkedIn","2026-02-13T14:07:06Z","2026-02-13T14:07:06Z"
"82b001955784","Senior Software Engineer - Python/MongoDB","Canonical","Nairobi, Nairobi County, Kenya","","https://ke.linkedin.com/jobs/view/senior-software-engineer-python-mongodb-at-canonical-4370325059","LinkedIn","2026-02-13T14:07:06Z","2026-02-13T14:07:06Z"
"9b3f8b844b80","Data Scientist","Educate!","Nairobi, Nairobi County, Kenya","","https://ke.linkedin.com/jobs/view/data-scientist-at-educate%21-4370510405","LinkedIn","2026-02-13T14:07:06Z","2026-02-13T14:07:06Z"
"a49e84fcca77","Quantitative Analytics Lending Analyst – REMOTE","CGS Business Solutions","Texas, United States","","https://www.linkedin.com/jobs/view/quantitative-analytics-lending-analyst-%E2%80%93-remote-at-cgs-business-solutions-4370447057","LinkedIn","2026-02-13T14:07:06Z","2026-02-13T14:07:06Z"
"e0af9da0d961","Data Scientist","Wave Mobile Money","Kenya","","https://ke.linkedin.com/jobs/view/data-scientist-at-wave-mobile-money-4370906970","LinkedIn","2026-02-13T14:07:06Z","2026-02-13T14:07:06Z"
"6564f5b73993","Data Scientist | Remote","Crossing Hurdles","Kenya","","https://ke.linkedin.com/jobs/view/data-scientist-remote-at-crossing-hurdles-4371127580","LinkedIn","2026-02-13T14:07:06Z","2026-02-13T14:07:06Z"
"9bdb260e15f7","Software Engineer | Remote","Crossing Hurdles","Kenya","","https://ke.linkedin.com/jobs/view/software-engineer-remote-at-crossing-hurdles-4371131772","LinkedIn","2026-02-13T14:07:06Z","2026-02-13T14:07:06Z"
"19449911b56b","Data Engineer | Remote","Crossing Hurdles","Kenya","","https://ke.linkedin.com/jobs/view/data-engineer-remote-at-crossing-hurdles-4371115991","LinkedIn","2026-02-13T14:07:06Z","2026-02-13T14:07:06Z"
"9e69bd093340","Data Engineer","International Rescue Committee","Nairobi, Nairobi County, Kenya","","https://ke.linkedin.com/jobs/view/data-engineer-at-international-rescue-committee-4365395852","LinkedIn","2026-02-13T14:07:06Z","2026-02-13T14:07:06Z"
"3ed42d6556ea","Security Software Engineer","Canonical","Nairobi, Nairobi County, Kenya","","https://ke.linkedin.com/jobs/view/security-software-engineer-at-canonical-4370138004","LinkedIn","2026-02-13T14:07:06Z","2026-02-13T14:07:06Z"
"7b89ea038330","Senior Software Engineer","GiveDirectly","Nairobi, Nairobi County, Kenya","","https://ke.linkedin.com/jobs/view/senior-software-engineer-at-givedirectly-4360951742","LinkedIn","2026-02-13T14:07:06Z","2026-02-13T14:07:06Z"
"32824ac61a09","Quantitative Developer - Powering systematic trading in a global Hedge Fund","Saragossa","London Area, United Kingdom","","https://uk.linkedin.com/jobs/view/quantitative-developer-powering-systematic-trading-in-a-global-hedge-fund-at-saragossa-4363095907","LinkedIn","2026-02-13T14:07:05Z","2026-02-13T14:07:05Z"
"a669c99c2475","Python Developer | Remote","Crossing Hurdles","United Kingdom","","https://uk.linkedin.com/jobs/view/python-developer-remote-at-crossing-hurdles-4370233891","LinkedIn","2026-02-13T14:07:02Z","2026-02-13T14:07:02Z"
"fa5f3628358f","Python Software Engineer - Remote Working - Up to £120,000 Base (+Bonus, equity etc)","Hunter Bond","London Area, United Kingdom","","https://uk.linkedin.com/jobs/view/python-software-engineer-remote-working-up-to-%C2%A3120-000-base-%2Bbonus-equity-etc-at-hunter-bond-4361869035","LinkedIn","2026-02-13T14:07:02Z","2026-02-13T14:07:02Z"
"489d96a40829","Junior Front-End Developer - Web Development (Remote)","PULSEMEDIA","Abu Dhabi, Abu Dhabi Emirate, United Arab Emirates","","https://ae.linkedin.com/jobs/view/junior-front-end-developer-web-development-remote-at-pulsemedia-4371257693","LinkedIn","2026-02-13T14:07:01Z","2026-02-13T14:07:01Z"
"9a0456f52d8e","Junior Front-End Developer - Web Development (Remote)","PULSEMEDIA","Ajman, Ajman Emirate, United Arab Emirates","","https://ae.linkedin.com/jobs/view/junior-front-end-developer-web-development-remote-at-pulsemedia-4363157132","LinkedIn","2026-02-13T14:07:01Z","2026-02-13T14:07:01Z"
"afb6667b6db6","Junior Front-End Developer - Web Development (Remote)","PULSEMEDIA","Sharjah, Sharjah Emirate, United Arab Emirates","","https://ae.linkedin.com/jobs/view/junior-front-end-developer-web-development-remote-at-pulsemedia-4371277183","LinkedIn","2026-02-13T14:07:01Z","2026-02-13T14:07:01Z"
"d847879b0826","Data Scientist","Wave Mobile Money","Kenya","","https://ke.linkedin.com/jobs/view/data-scientist-at-wave-mobile-money-4370906970","LinkedIn","2026-02-13T14:07:00Z","2026-02-13T14:07:00Z"
"75a5dc05c19a","Data Engineer","International Rescue Committee","Nairobi, Nairobi County, Kenya","","https://ke.linkedin.com/jobs/view/data-engineer-at-international-rescue-committee-4365395852","LinkedIn","2026-02-13T14:07:00Z","2026-02-13T14:07:00Z"
"caa0bdd892b2","Data Engineer | Remote","Crossing Hurdles","Kenya","","https://ke.linkedin.com/jobs/view/data-engineer-remote-at-crossing-hurdles-4371115991","LinkedIn","2026-02-13T14:07:00Z","2026-02-13T14:07:00Z"
"253c9e92e22b","Data Analyst","Stanbic Bank Tanzania","Kilimani division, Nairobi County, Kenya","","https://ke.linkedin.com/jobs/view/data-analyst-at-stanbic-bank-tanzania-4371755872","LinkedIn","2026-02-13T14:07:00Z","2026-02-13T14:07:00Z"
"c03db4ad3fc3","Data Scientist","Educate!","Nairobi, Nairobi County, Kenya","","https://ke.linkedin.com/jobs/view/data-scientist-at-educate%21-4370510405","LinkedIn","2026-02-13T14:07:00Z","2026-02-13T14:07:00Z"
"28d0f9368a2a","Senior Associate, Data Analytics and Customer Insights","Accion","Nairobi County, Kenya","","https://ke.linkedin.com/jobs/view/senior-associate-data-analytics-and-customer-insights-at-accion-4365341278","LinkedIn","2026-02-13T14:07:00Z","2026-02-13T14:07:00Z"
"326c6d498aea","Data Engineer | Remote","Crossing Hurdles","Kenya","","https://ke.linkedin.com/jobs/view/data-engineer-remote-at-crossing-hurdles-4371115991","LinkedIn","2026-02-13T13:21:33Z","2026-02-13T13:21:33Z"
"054e1ebd91b3","Security Software Engineer","Canonical","Nairobi, Nairobi County, Kenya","","https://ke.linkedin.com/jobs/view/security-software-engineer-at-canonical-4370138004","LinkedIn","2026-02-13T13:21:33Z","2026-02-13T13:21:33Z"
"00fb645a6dbf","Data Scientist","Wave Mobile Money","Kenya","","https://ke.linkedin.com/jobs/view/data-scientist-at-wave-mobile-money-4370906970","LinkedIn","2026-02-13T13:21:33Z","2026-02-13T13:21:33Z"
"07ed1fb01a4d","Data Scientist","Educate!","Nairobi, Nairobi County, Kenya","","https://ke.linkedin.com/jobs/view/data-scientist-at-educate%21-4370510405","LinkedIn","2026-02-13T13:21:33Z","2026-02-13T13:21:33Z"
"349b82867cc0","Data Scientist | Remote","Crossing Hurdles","Kenya","","https://ke.linkedin.com/jobs/view/data-scientist-remote-at-crossing-hurdles-4371127580","LinkedIn","2026-02-13T13:21:33Z","2026-02-13T13:21:33Z"
"fdd697304246","Senior Software Engineer - Python/MongoDB","Canonical","Nairobi, Nairobi County, Kenya","","https://ke.linkedin.com/jobs/view/senior-software-engineer-python-mongodb-at-canonical-4370325059","LinkedIn","2026-02-13T13:21:33Z","2026-02-13T13:21:33Z"
"24f5581534e2","Senior Software Engineer","GiveDirectly","Nairobi, Nairobi County, Kenya","","https://ke.linkedin.com/jobs/view/senior-software-engineer-at-givedirectly-4360951742","LinkedIn","2026-02-13T13:21:33Z","2026-02-13T13:21:33Z"
"93e12938461f","Data Engineer","International Rescue Committee","Nairobi, Nairobi County, Kenya","","https://ke.linkedin.com/jobs/view/data-engineer-at-international-rescue-committee-4365395852","LinkedIn","2026-02-13T13:21:33Z","2026-02-13T13:21:33Z"
"5b9c565323bc","Software Engineer | Remote","Crossing Hurdles","Kenya","","https://ke.linkedin.com/jobs/view/software-engineer-remote-at-crossing-hurdles-4371131772","LinkedIn","2026-02-13T13:21:33Z","2026-02-13T13:21:33Z"
"7079fd2886cc","Java Software Engineer","OBSS","Nairobi County, Kenya","","https://ke.linkedin.com/jobs/view/java-software-engineer-at-obss-4327940544","LinkedIn","2026-02-13T13:21:33Z","2026-02-13T13:21:33Z"
"36c8c48d82df","Quantitative Analytics Lending Analyst – REMOTE","CGS Business Solutions","Texas, United States","","https://www.linkedin.com/jobs/view/quantitative-analytics-lending-analyst-%E2%80%93-remote-at-cgs-business-solutions-4370447057","LinkedIn","2026-02-13T13:21:32Z","2026-02-13T13:21:32Z"
"ca7199c01b3b","Quantitative Developer - Powering systematic trading in a global Hedge Fund","Saragossa","London Area, United Kingdom","","https://uk.linkedin.com/jobs/view/quantitative-developer-powering-systematic-trading-in-a-global-hedge-fund-at-saragossa-4363095907","LinkedIn","2026-02-13T13:21:31Z","2026-02-13T13:21:31Z"
"aa38e37a5c10","Python Software Engineer - Remote Working - Up to £120,000 Base (+Bonus, equity etc)","Hunter Bond","London Area, United Kingdom","","https://uk.linkedin.com/jobs/view/python-software-engineer-remote-working-up-to-%C2%A3120-000-base-%2Bbonus-equity-etc-at-hunter-bond-4361869035","LinkedIn","2026-02-13T13:21:28Z","2026-02-13T13:21:28Z"
"4448b9f2827e","Junior Front-End Developer - Web Development (Remote)","PULSEMEDIA","Ajman, Ajman Emirate, United Arab Emirates","","https://ae.linkedin.com/jobs/view/junior-front-end-developer-web-development-remote-at-pulsemedia-4363157132","LinkedIn","2026-02-13T13:21:27Z","2026-02-13T13:21:27Z"
"368a5b85e97a","Junior Front-End Developer - Web Development (Remote)","PULSEMEDIA","Sharjah, Sharjah Emirate, United Arab Emirates","","https://ae.linkedin.com/jobs/view/junior-front-end-developer-web-development-remote-at-pulsemedia-4371277183","LinkedIn","2026-02-13T13:21:27Z","2026-02-13T13:21:27Z"
"590d7d0ef169","Junior Front-End Developer - Web Development (Remote)","PULSEMEDIA","Abu Dhabi, Abu Dhabi Emirate, United Arab Emirates","","https://ae.linkedin.com/jobs/view/junior-front-end-developer-web-development-remote-at-pulsemedia-4371257693","LinkedIn","2026-02-13T13:21:27Z","2026-02-13T13:21:27Z"
"5e5790243719","Senior Associate, Data Analytics and Customer Insights","Accion","Nairobi County, Kenya","","https://ke.linkedin.com/jobs/view/senior-associate-data-analytics-and-customer-insights-at-accion-4365341278","LinkedIn","2026-02-13T13:21:26Z","2026-02-13T13:21:26Z"
"3914b05ab2de","Security Software Engineer","Canonical","Nairobi, Nairobi County, Kenya","","https://ke.linkedin.com/jobs/view/security-software-engineer-at-canonical-4370138004","LinkedIn","2026-02-13T13:18:20Z","2026-02-13T13:18:20Z"
"252b88d4d1e2","Java Software Engineer","OBSS","Nairobi County, Kenya","","https://ke.linkedin.com/jobs/view/java-software-engineer-at-obss-4327940544","LinkedIn","2026-02-13T13:18:20Z","2026-02-13T13:18:20Z"
"bf9564a07cca","Data Scientist","Wave Mobile Money","Kenya","","https://ke.linkedin.com/jobs/view/data-scientist-at-wave-mobile-money-4370906970","LinkedIn","2026-02-13T13:18:20Z","2026-02-13T13:18:20Z"
"ee05126fef20","Data Engineer","International Rescue Committee","Nairobi, Nairobi County, Kenya","","https://ke.linkedin.com/jobs/view/data-engineer-at-international-rescue-committee-4365395852","LinkedIn","2026-02-13T13:18:20Z","2026-02-13T13:18:20Z"
"261991644ec1","Senior Software Engineer","GiveDirectly","Nairobi, Nairobi County, Kenya","","https://ke.linkedin.com/jobs/view/senior-software-engineer-at-givedirectly-4360951742","LinkedIn","2026-02-13T13:18:20Z","2026-02-13T13:18:20Z"
"ce7a4062ea0e","Data Scientist","Educate!","Nairobi, Nairobi County, Kenya","","https://ke.linkedin.com/jobs/view/data-scientist-at-educate%21-4370510405","LinkedIn","2026-02-13T13:18:20Z","2026-02-13T13:18:20Z"
"2e7bdb469932","Data Engineer | Remote","Crossing Hurdles","Kenya","","https://ke.linkedin.com/jobs/view/data-engineer-remote-at-crossing-hurdles-4371115991","LinkedIn","2026-02-13T13:18:20Z","2026-02-13T13:18:20Z"
"f670c3c0b026","Senior Software Engineer - Python/MongoDB","Canonical","Nairobi, Nairobi County, Kenya","","https://ke.linkedin.com/jobs/view/senior-software-engineer-python-mongodb-at-canonical-4370325059","LinkedIn","2026-02-13T13:18:20Z","2026-02-13T13:18:20Z"
"44971c799574","Quantitative Analytics Lending Analyst – REMOTE","CGS Business Solutions","Texas, United States","","https://www.linkedin.com/jobs/view/quantitative-analytics-lending-analyst-%E2%80%93-remote-at-cgs-business-solutions-4370447057","LinkedIn","2026-02-13T13:18:20Z","2026-02-13T13:18:20Z"
"e7020416d9ee","Software Engineer | Remote","Crossing Hurdles","Kenya","","https://ke.linkedin.com/jobs/view/software-engineer-remote-at-crossing-hurdles-4371131772","LinkedIn","2026-02-13T13:18:20Z","2026-02-13T13:18:20Z"
"2e58cc13cb74","Data Scientist | Remote","Crossing Hurdles","Kenya","","https://ke.linkedin.com/jobs/view/data-scientist-remote-at-crossing-hurdles-4371127580","LinkedIn","2026-02-13T13:18:20Z","2026-02-13T13:18:20Z"
"c4884156dc26","Quantitative Developer - Powering systematic trading in a global Hedge Fund","Saragossa","London Area, United Kingdom","","https://uk.linkedin.com/jobs/view/quantitative-developer-powering-systematic-trading-in-a-global-hedge-fund-at-saragossa-4363095907","LinkedIn","2026-02-13T13:18:18Z","2026-02-13T13:18:18Z"
"878ca7ba136e","Python Software Engineer - Remote Working - Up to £120,000 Base (+Bonus, equity etc)","Hunter Bond","London Area, United Kingdom","","https://uk.linkedin.com/jobs/view/python-software-engineer-remote-working-up-to-%C2%A3120-000-base-%2Bbonus-equity-etc-at-hunter-bond-4361869035","LinkedIn","2026-02-13T13:18:15Z","2026-02-13T13:18:15Z"
"c4b7e89b88f5","Junior Front-End Developer - Web Development (Remote)","PULSEMEDIA","Abu Dhabi, Abu Dhabi Emirate, United Arab Emirates","","https://ae.linkedin.com/jobs/view/junior-front-end-developer-web-development-remote-at-pulsemedia-4371257693","LinkedIn","2026-02-13T13:18:14Z","2026-02-13T13:18:14Z"
"2a7bdb98fa58","Junior Front-End Developer - Web Development (Remote)","PULSEMEDIA","Sharjah, Sharjah Emirate, United Arab Emirates","","https://ae.linkedin.com/jobs/view/junior-front-end-developer-web-development-remote-at-pulsemedia-4371277183","LinkedIn","2026-02-13T13:18:14Z","2026-02-13T13:18:14Z"
"0158cb4341ac","Junior Front-End Developer - Web Development (Remote)","PULSEMEDIA","Ajman, Ajman Emirate, United Arab Emirates","","https://ae.linkedin.com/jobs/view/junior-front-end-developer-web-development-remote-at-pulsemedia-4363157132","LinkedIn","2026-02-13T13:18:14Z","2026-02-13T13:18:14Z"
"4b0a7e96b9df","Data Analyst","Stanbic Bank Tanzania","Kilimani division, Nairobi County, Kenya","","https://ke.linkedin.com/jobs/view/data-analyst-at-stanbic-bank-tanzania-4371755872","LinkedIn","2026-02-13T13:18:13Z","2026-02-13T13:18:13Z"
"f466b6e6507f","Data Scientist","Educate!","Nairobi, Nairobi County, Kenya","","https://ke.linkedin.com/jobs/view/data-scientist-at-educate%21-4370510405","LinkedIn","2026-02-13T13:18:13Z","2026-02-13T13:18:13Z"
"6c9822bdca8d","Data Scientist","Wave Mobile Money","Kenya","","https://ke.linkedin.com/jobs/view/data-scientist-at-wave-mobile-money-4370906970","LinkedIn","2026-02-13T13:18:13Z","2026-02-13T13:18:13Z"
"3ce21f572f03","Data Engineer","International Rescue Committee","Nairobi, Nairobi County, Kenya","","https://ke.linkedin.com/jobs/view/data-engineer-at-international-rescue-committee-4365395852","LinkedIn","2026-02-13T13:18:13Z","2026-02-13T13:18:13Z"
"61ec00b143dd","Data Engineer | Remote","Crossing Hurdles","Kenya","","https://ke.linkedin.com/jobs/view/data-engineer-remote-at-crossing-hurdles-4371115991","LinkedIn","2026-02-13T13:18:13Z","2026-02-13T13:18:13Z"
"7307661139e9","Senior Associate, Data Analytics and Customer Insights","Accion","Nairobi County, Kenya","","https://ke.linkedin.com/jobs/view/senior-associate-data-analytics-and-customer-insights-at-accion-4365341278","LinkedIn","2026-02-13T13:18:13Z","2026-02-13T13:18:13Z"
"4d0a2c740490","Full Stack Developer - Support Services Global Support Centre","Cotton On","Dennington, Warrnambool","","https://www.adzuna.com.au/details/5627038972?utm_medium=api&utm_source=3f1b011b","Adzuna-AU","2026-02-13T12:32:10Z","2026-02-13T15:36:43Z"
"850c5428b81a","Data Scientist - 100% Remote","Remote Career","Barton, South Canberra","","https://www.adzuna.com.au/details/5627027269?utm_medium=api&utm_source=3f1b011b","Adzuna-AU","2026-02-13T12:28:50Z","2026-02-13T15:36:42Z"
"2bff267bd0af","Remote Software Engineering Manager","Jobgether","Alabama, US","$106,454 - $106,454","https://www.adzuna.com/details/5627925185?utm_medium=api&utm_source=3f1b011b","Adzuna-US","2026-02-13T10:27:49Z","2026-02-13T15:36:52Z"
"8360b198b33a","IT Cloud Engineer - Remote","Mayo Clinic","Rochester, Olmsted County","$71,851 - $71,851","https://www.adzuna.com/details/5627920201?utm_medium=api&utm_source=3f1b011b","Adzuna-US","2026-02-13T10:23:24Z","2026-02-13T15:36:53Z"
"95d6bc8c0b76","LD Software Engineer - Remote","Mayo Clinic","Rochester, Olmsted County","$92,806 - $92,806","https://www.adzuna.com/details/5627920177?utm_medium=api&utm_source=3f1b011b","Adzuna-US","2026-02-13T10:23:24Z","2026-02-13T15:36:50Z"
"68eaa955cff2","Full-Time Senior Data Analyst - Remote (US)","Theoria Medical","US","$132,572 - $132,572","https://www.adzuna.com/details/5627916673?utm_medium=api&utm_source=3f1b011b","Adzuna-US","2026-02-13T10:18:39Z","2026-02-13T15:36:50Z"
"8157c8727507","Full-Time Senior Data Engineer - US (Remote)","Theoria Medical","Novi, Oakland County","$137,068 - $137,068","https://www.adzuna.com/details/5627828009?utm_medium=api&utm_source=3f1b011b","Adzuna-US","2026-02-13T09:42:36Z","2026-02-13T14:56:59Z"
"33b37c43bfd8","Senior Full Stack Engineer - Remote","TalentBurst, Inc.","Reston, Fairfax County","$132,031 - $132,031","https://www.adzuna.com/land/ad/5627674171?se=WC0m3t4I8RGR15UVTMDCZQ&utm_medium=api&utm_source=3f1b011b&v=FAA3AD9E461872265C4C9ACA9EC98DC0164B48DB","Adzuna-US","2026-02-13T06:53:23Z","2026-02-13T13:21:13Z"
"4ca9da04211d","Senior Full Stack Engineer - Remote","TalentBurst, Inc.","Reston, Fairfax County","$132,031 - $132,031","https://www.adzuna.com/land/ad/5627674171?se=Aj1XOOUI8RGlAf7jlIiEuQ&utm_medium=api&utm_source=3f1b011b&v=FAA3AD9E461872265C4C9ACA9EC98DC0164B48DB","Adzuna-US","2026-02-13T06:53:23Z","2026-02-13T14:06:41Z"
"b8962bd6aa64","Senior Full Stack Engineer - Remote","TalentBurst, Inc.","Reston, Fairfax County","$132,031 - $132,031","https://www.adzuna.com/land/ad/5627674171?se=Fn9NN-UI8RGjDK6DZsPZJw&utm_medium=api&utm_source=3f1b011b&v=FAA3AD9E461872265C4C9ACA9EC98DC0164B48DB","Adzuna-US","2026-02-13T06:53:23Z","2026-02-13T14:06:39Z"
"768a95908ced","Senior Full Stack Engineer - Remote","TalentBurst, Inc.","Reston, Fairfax County","$132,031 - $132,031","https://www.adzuna.com/land/ad/5627674171?se=xvePad4I8RGR15UVTMDCZQ&utm_medium=api&utm_source=3f1b011b&v=FAA3AD9E461872265C4C9ACA9EC98DC0164B48DB","Adzuna-US","2026-02-13T06:53:23Z","2026-02-13T13:17:57Z"
"99c4dc6a2e7a","Senior Full Stack Engineer - Remote","TalentBurst, Inc.","Reston, Fairfax County","$132,031 - $132,031","https://www.adzuna.com/land/ad/5627674171?se=WOFx3t4I8RGR15UVTMDCZQ&utm_medium=api&utm_source=3f1b011b&v=FAA3AD9E461872265C4C9ACA9EC98DC0164B48DB","Adzuna-US","2026-02-13T06:53:23Z","2026-02-13T13:21:13Z"
"9d4941865a36","Senior Full Stack Engineer - Remote","TalentBurst, Inc.","Reston, Fairfax County","$132,031 - $132,031","https://www.adzuna.com/land/ad/5627674171?se=NC6IaN4I8RGRUedbQseWig&utm_medium=api&utm_source=3f1b011b&v=FAA3AD9E461872265C4C9ACA9EC98DC0164B48DB","Adzuna-US","2026-02-13T06:53:23Z","2026-02-13T13:17:55Z"
"d674fd1d60b3","Senior Full Stack Engineer - Remote","TalentBurst, Inc.","Reston, Fairfax County","$132,031 - $132,031","https://www.adzuna.com/land/ad/5627674171?se=ukwS394I8RGR15UVTMDCZQ&utm_medium=api&utm_source=3f1b011b&v=FAA3AD9E461872265C4C9ACA9EC98DC0164B48DB","Adzuna-US","2026-02-13T06:53:23Z","2026-02-13T13:21:14Z"
"30ed40a9698e","Senior Full Stack Engineer - Remote","TalentBurst, Inc.","Reston, Fairfax County","$132,031 - $132,031","https://www.adzuna.com/land/ad/5627674171?se=yOHvaN4I8RGR15UVTMDCZQ&utm_medium=api&utm_source=3f1b011b&v=FAA3AD9E461872265C4C9ACA9EC98DC0164B48DB","Adzuna-US","2026-02-13T06:53:23Z","2026-02-13T13:17:56Z"
"5444cffb5a47","Lab City - Mobile Developer / Dveloppeure mobile (Remote)","New York Holdings","Canada","$60,000 - $85,000","https://www.adzuna.ca/details/5627502188?utm_medium=api&utm_source=3f1b011b","Adzuna-CA","2026-02-13T03:00:50Z","2026-02-13T15:37:00Z"
"421a53707fca","Data Scientist","Wave Mobile Money","Kenya","","https://ke.linkedin.com/jobs/view/data-scientist-at-wave-mobile-money-4370906970","LinkedIn","2026-02-13T00:00:00Z","2026-02-13T12:45:41Z"
"fbfa503976fb","Data Engineer | Remote","Crossing Hurdles","Kenya","","https://ke.linkedin.com/jobs/view/data-engineer-remote-at-crossing-hurdles-4371115991","LinkedIn","2026-02-13T00:00:00Z","2026-02-13T12:45:35Z"
"7f579bba839c","Data Scientist","Wave Mobile Money","Kenya","","https://ke.linkedin.com/jobs/view/data-scientist-at-wave-mobile-money-4370906970","LinkedIn","2026-02-13T00:00:00Z","2026-02-13T12:37:08Z"
"788a44ba264e","Senior Associate, Data Analytics and Customer Insights","Accion","Nairobi County, Kenya","","https://ke.linkedin.com/jobs/view/senior-associate-data-analytics-and-customer-insights-at-accion-4365341278","LinkedIn","2026-02-13T00:00:00Z","2026-02-13T12:45:35Z"
"55ab48bb5e28","Data Scientist","Wave Mobile Money","Kenya","","https://ke.linkedin.com/jobs/view/data-scientist-at-wave-mobile-money-4370906970","LinkedIn","2026-02-13T00:00:00Z","2026-02-13T12:45:35Z"
"5b130a843df7","Data Engineer","International Rescue Committee","Nairobi, Nairobi County, Kenya","","https://ke.linkedin.com/jobs/view/data-engineer-at-international-rescue-committee-4365395852","LinkedIn","2026-02-13T00:00:00Z","2026-02-13T12:45:35Z"
"f553dd81cb30","Junior Front-End Developer - Web Development (Remote)","PULSEMEDIA","Ajman, Ajman Emirate, United Arab Emirates","","https://ae.linkedin.com/jobs/view/junior-front-end-developer-web-development-remote-at-pulsemedia-4363157132","LinkedIn","2026-02-13T00:00:00Z","2026-02-13T12:45:35Z"
"5fa9e9490adf","Junior Front-End Developer - Web Development (Remote)","PULSEMEDIA","Abu Dhabi, Abu Dhabi Emirate, United Arab Emirates","","https://ae.linkedin.com/jobs/view/junior-front-end-developer-web-development-remote-at-pulsemedia-4371257693","LinkedIn","2026-02-13T00:00:00Z","2026-02-13T12:45:35Z"
"7c4bb60ce337","Data Analyst","Stanbic Bank Tanzania","Kilimani division, Nairobi County, Kenya","","https://ke.linkedin.com/jobs/view/data-analyst-at-stanbic-bank-tanzania-4371755872","LinkedIn","2026-02-13T00:00:00Z","2026-02-13T12:45:35Z"
"85d717803e54","Senior Software Engineer - Python/MongoDB","Canonical","Nairobi, Nairobi County, Kenya","","https://ke.linkedin.com/jobs/view/senior-software-engineer-python-mongodb-at-canonical-4370325059","LinkedIn","2026-02-13T00:00:00Z","2026-02-13T12:45:41Z"
"b5750f049c9a","Quantitative Developer - Powering systematic trading in a global Hedge Fund","Saragossa","London Area, United Kingdom","","https://uk.linkedin.com/jobs/view/quantitative-developer-powering-systematic-trading-in-a-global-hedge-fund-at-saragossa-4363095907","LinkedIn","2026-02-13T00:00:00Z","2026-02-13T12:45:39Z"
"599474ccba1a","Data Scientist","Educate!","Nairobi, Nairobi County, Kenya","","https://ke.linkedin.com/jobs/view/data-scientist-at-educate%21-4370510405","LinkedIn","2026-02-13T00:00:00Z","2026-02-13T12:45:41Z"
"c180d27d52e3","Quantitative Analytics Lending Analyst – REMOTE","CGS Business Solutions","Texas, United States","","https://www.linkedin.com/jobs/view/quantitative-analytics-lending-analyst-%E2%80%93-remote-at-cgs-business-solutions-4370447057","LinkedIn","2026-02-13T00:00:00Z","2026-02-13T12:45:40Z"
"6ecd411b92f8","Java Software Engineer","OBSS","Nairobi County, Kenya","","https://ke.linkedin.com/jobs/view/java-software-engineer-at-obss-4327940544","LinkedIn","2026-02-13T00:00:00Z","2026-02-13T12:45:41Z"
"19b9f122082f","Data Scientist | Remote","Crossing Hurdles","Kenya","","https://ke.linkedin.com/jobs/view/data-scientist-remote-at-crossing-hurdles-4371127580","LinkedIn","2026-02-13T00:00:00Z","2026-02-13T12:45:41Z"
"c9b544cdee0a","Software Engineer | Remote","Crossing Hurdles","Kenya","","https://ke.linkedin.com/jobs/view/software-engineer-remote-at-crossing-hurdles-4371131772","LinkedIn","2026-02-13T00:00:00Z","2026-02-13T12:45:41Z"
"cc684cd7805b","Data Engineer | Remote","Crossing Hurdles","Kenya","","https://ke.linkedin.com/jobs/view/data-engineer-remote-at-crossing-hurdles-4371115991","LinkedIn","2026-02-13T00:00:00Z","2026-02-13T12:45:41Z"
"7ea42bb819f7","Data Engineer","International Rescue Committee","Nairobi, Nairobi County, Kenya","","https://ke.linkedin.com/jobs/view/data-engineer-at-international-rescue-committee-4365395852","LinkedIn","2026-02-13T00:00:00Z","2026-02-13T12:45:41Z"
"72d95d0c35dd","Senior Full Stack Engineer - Remote","TalentBurst, Inc.","Reston, Fairfax County","$132,031 - $132,031","https://www.adzuna.com/land/ad/5627674171?se=_k362dkI8RGkTaHN0sbF1A&utm_medium=api&utm_source=3f1b011b&v=FAA3AD9E461872265C4C9ACA9EC98DC0164B48DB","Adzuna-US","2026-02-13T00:00:00Z","2026-02-13T12:45:18Z"
"b5713feac827","Python Software Engineer - Remote Working - Up to £120,000 Base (+Bonus, equity etc)","Hunter Bond","London Area, United Kingdom","","https://uk.linkedin.com/jobs/view/python-software-engineer-remote-working-up-to-%C2%A3120-000-base-%2Bbonus-equity-etc-at-hunter-bond-4361869035","LinkedIn","2026-02-13T00:00:00Z","2026-02-13T12:45:36Z"
"e1bd98386ae2","Software Engineer | Remote","Crossing Hurdles","Kenya","","https://ke.linkedin.com/jobs/view/software-engineer-remote-at-crossing-hurdles-4371131772","LinkedIn","2026-02-13T00:00:00Z","2026-02-13T12:37:08Z"
"5b8a81998be9","Data Scientist","Wave Mobile Money","Kenya","","https://ke.linkedin.com/jobs/view/data-scientist-at-wave-mobile-money-4370906970","LinkedIn","2026-02-13T00:00:00Z","2026-02-13T12:37:02Z"
"278f60dd5aa9","Senior Full Stack Engineer - Remote","TalentBurst, Inc.","Reston, Fairfax County","$132,031 - $132,031","https://www.adzuna.com/land/ad/5627674171?se=rpPd2NkI8RGkTaHN0sbF1A&utm_medium=api&utm_source=3f1b011b&v=FAA3AD9E461872265C4C9ACA9EC98DC0164B48DB","Adzuna-US","2026-02-13T00:00:00Z","2026-02-13T12:45:16Z"
"01de07f4c02c","Data Scientist","Educate!","Nairobi, Nairobi County, Kenya","","https://ke.linkedin.com/jobs/view/data-scientist-at-educate%21-4370510405","LinkedIn","2026-02-13T00:00:00Z","2026-02-13T12:45:35Z"
"cc027f0995c4","Senior Software Engineer","GiveDirectly","Nairobi, Nairobi County, Kenya","","https://ke.linkedin.com/jobs/view/senior-software-engineer-at-givedirectly-4360951742","LinkedIn","2026-02-13T00:00:00Z","2026-02-13T12:45:41Z"
"eaf2a1bcbe12","Junior Front-End Developer - Web Development (Remote)","PULSEMEDIA","Abu Dhabi, Abu Dhabi Emirate, United Arab Emirates","","https://ae.linkedin.com/jobs/view/junior-front-end-developer-web-development-remote-at-pulsemedia-4371257693","LinkedIn","2026-02-13T00:00:00Z","2026-02-13T12:37:03Z"
"2d098d2a3ab7","Junior Front-End Developer - Web Development (Remote)","PULSEMEDIA","Sharjah, Sharjah Emirate, United Arab Emirates","","https://ae.linkedin.com/jobs/view/junior-front-end-developer-web-development-remote-at-pulsemedia-4371277183","LinkedIn","2026-02-13T00:00:00Z","2026-02-13T12:45:35Z"
"9bc4ee1c3450","Data Engineer | Remote","Crossing Hurdles","Kenya","","https://ke.linkedin.com/jobs/view/data-engineer-remote-at-crossing-hurdles-4371115991","LinkedIn","2026-02-13T00:00:00Z","2026-02-13T12:37:08Z"
"925107c0828d","Senior Full Stack Engineer - Remote","TalentBurst, Inc.","Reston, Fairfax County","$132,031 - $132,031","https://www.adzuna.com/land/ad/5627674171?se=AE4_2dkI8RGR15UVTMDCZQ&utm_medium=api&utm_source=3f1b011b&v=FAA3AD9E461872265C4C9ACA9EC98DC0164B48DB","Adzuna-US","2026-02-13T00:00:00Z","2026-02-13T12:45:17Z"
"9a80c7db3b52","Data Scientist","Wave Mobile Money","Kenya","","https://ke.linkedin.com/jobs/view/data-scientist-at-wave-mobile-money-4370906970","LinkedIn","2026-02-13T00:00:00Z","2026-02-13T15:28:17Z"
"d77a9ce6411b","Senior Full Stack Engineer - Remote","TalentBurst, Inc.","Reston, Fairfax County","$132,031 - $132,031","https://www.adzuna.com/land/ad/5627674171?se=hp3mgdwI8RGRUedbQseWig&utm_medium=api&utm_source=3f1b011b&v=FAA3AD9E461872265C4C9ACA9EC98DC0164B48DB","Adzuna-US","2026-02-13T00:00:00Z","2026-02-13T13:04:19Z"
"d9da2c8c5308","Data Engineer | Remote","Crossing Hurdles","Kenya","","https://ke.linkedin.com/jobs/view/data-engineer-remote-at-crossing-hurdles-4371115991","LinkedIn","2026-02-13T00:00:00Z","2026-02-13T12:37:02Z"
"8b877dc91330","Data Analyst","Stanbic Bank Tanzania","Kilimani division, Nairobi County, Kenya","","https://ke.linkedin.com/jobs/view/data-analyst-at-stanbic-bank-tanzania-4371755872","LinkedIn","2026-02-13T00:00:00Z","2026-02-13T12:37:02Z"
"fa716bba3b3c","Data Engineer","BizCover","Sydney, New South Wales, Australia","","https://au.linkedin.com/jobs/view/data-engineer-at-bizcover-4372173702","LinkedIn","2026-02-13T00:00:00Z","2026-02-13T12:37:01Z"
"2b06fdab4f38","Senior Full Stack Engineer - Remote","TalentBurst, Inc.","Reston, Fairfax County","$132,031 - $132,031","https://www.adzuna.com/land/ad/5627674171?se=JmWNqdgI8RGKF9-no1lFfQ&utm_medium=api&utm_source=3f1b011b&v=FAA3AD9E461872265C4C9ACA9EC98DC0164B48DB","Adzuna-US","2026-02-13T00:00:00Z","2026-02-13T12:36:47Z"
"afeb000c8a5d","Data Scientist","Educate!","Nairobi, Nairobi County, Kenya","","https://ke.linkedin.com/jobs/view/data-scientist-at-educate%21-4370510405","LinkedIn","2026-02-13T00:00:00Z","2026-02-13T12:37:02Z"
"383f9077d039","Junior Front-End Developer - Web Development (Remote)","PULSEMEDIA","Sharjah, Sharjah Emirate, United Arab Emirates","","https://ae.linkedin.com/jobs/view/junior-front-end-developer-web-development-remote-at-pulsemedia-4371277183","LinkedIn","2026-02-13T00:00:00Z","2026-02-13T12:37:03Z"
"8c29c7ae74f4","Junior Front-End Developer - Web Development (Remote)","PULSEMEDIA","Ajman, Ajman Emirate, United Arab Emirates","","https://ae.linkedin.com/jobs/view/junior-front-end-developer-web-development-remote-at-pulsemedia-4363157132","LinkedIn","2026-02-13T00:00:00Z","2026-02-13T12:37:03Z"
"520f8699e816","Data Scientist | Remote","Crossing Hurdles","Kenya","","https://ke.linkedin.com/jobs/view/data-scientist-remote-at-crossing-hurdles-4371127580","LinkedIn","2026-02-13T00:00:00Z","2026-02-13T12:37:08Z"
"31735621fdd2","Senior Full Stack Engineer - Remote","TalentBurst, Inc.","Reston, Fairfax County","$132,031 - $132,031","https://www.adzuna.com/land/ad/5627674171?se=wIXnqNgI8RGMSfhbfmc2nQ&utm_medium=api&utm_source=3f1b011b&v=FAA3AD9E461872265C4C9ACA9EC98DC0164B48DB","Adzuna-US","2026-02-13T00:00:00Z","2026-02-13T12:36:46Z"
"976978f5c917","Senior Software Engineer - Python/MongoDB","Canonical","Nairobi, Nairobi County, Kenya","","https://ke.linkedin.com/jobs/view/senior-software-engineer-python-mongodb-at-canonical-4370325059","LinkedIn","2026-02-13T00:00:00Z","2026-02-13T12:37:08Z"
"25cec0a5b541","Python Software Engineer - Remote Working - Up to £120,000 Base (+Bonus, equity etc)","Hunter Bond","London Area, United Kingdom","","https://uk.linkedin.com/jobs/view/python-software-engineer-remote-working-up-to-%C2%A3120-000-base-%2Bbonus-equity-etc-at-hunter-bond-4361869035","LinkedIn","2026-02-13T00:00:00Z","2026-02-13T12:37:04Z"
"fa6d4fc6fa6f","Quantitative Developer - Powering systematic trading in a global Hedge Fund","Saragossa","London Area, United Kingdom","","https://uk.linkedin.com/jobs/view/quantitative-developer-powering-systematic-trading-in-a-global-hedge-fund-at-saragossa-4363095907","LinkedIn","2026-02-13T00:00:00Z","2026-02-13T12:37:07Z"
"800908c94b27","Quantitative Analytics Lending Analyst – REMOTE","CGS Business Solutions","Texas, United States","","https://www.linkedin.com/jobs/view/quantitative-analytics-lending-analyst-%E2%80%93-remote-at-cgs-business-solutions-4370447057","LinkedIn","2026-02-13T00:00:00Z","2026-02-13T12:37:08Z"
"77a4b98a5a3a","Data Scientist","Educate!","Nairobi, Nairobi County, Kenya","","https://ke.linkedin.com/jobs/view/data-scientist-at-educate%21-4370510405","LinkedIn","2026-02-13T00:00:00Z","2026-02-13T12:37:08Z"
"45c07ba0cb03","Data Analyst","Stanbic Bank Tanzania","Kilimani division, Nairobi County, Kenya","","https://ke.linkedin.com/jobs/view/data-analyst-at-stanbic-bank-tanzania-4371755872","LinkedIn","2026-02-13T00:00:00Z","2026-02-13T13:04:36Z"
"baea6245becb","Senior Associate, Data Analytics and Customer Insights","Accion","Nairobi County, Kenya","","https://ke.linkedin.com/jobs/view/senior-associate-data-analytics-and-customer-insights-at-accion-4365341278","LinkedIn","2026-02-13T00:00:00Z","2026-02-13T12:37:02Z"
"e2d75b15f6ae","Data Engineer","International Rescue Committee","Nairobi, Nairobi County, Kenya","","https://ke.linkedin.com/jobs/view/data-engineer-at-international-rescue-committee-4365395852","LinkedIn","2026-02-13T00:00:00Z","2026-02-13T12:37:08Z"
"b9c953d82248","Security Software Engineer","Canonical","Nairobi, Nairobi County, Kenya","","https://ke.linkedin.com/jobs/view/security-software-engineer-at-canonical-4370138004","LinkedIn","2026-02-13T00:00:00Z","2026-02-13T12:45:41Z"
"a7caccdcaa86","Senior Full Stack Engineer - Remote","TalentBurst, Inc.","Reston, Fairfax County","$132,031 - $132,031","https://www.adzuna.com/land/ad/5627674171?se=Kukig9wI8RGR15UVTMDCZQ&utm_medium=api&utm_source=3f1b011b&v=FAA3AD9E461872265C4C9ACA9EC98DC0164B48DB","Adzuna-US","2026-02-13T00:00:00Z","2026-02-13T13:04:21Z"
"ee2ff2390d2e","Junior Front-End Developer - Web Development (Remote)","PULSEMEDIA","Abu Dhabi, Abu Dhabi Emirate, United Arab Emirates","","https://ae.linkedin.com/jobs/view/junior-front-end-developer-web-development-remote-at-pulsemedia-4371257693","LinkedIn","2026-02-13T00:00:00Z","2026-02-13T13:04:37Z"
"b792284b1b36","Data Scientist","Wave Mobile Money","Kenya","","https://ke.linkedin.com/jobs/view/data-scientist-at-wave-mobile-money-4370906970","LinkedIn","2026-02-13T00:00:00Z","2026-02-13T13:04:43Z"
"151b7eb98041","Junior Front-End Developer - Web Development (Remote)","PULSEMEDIA","Sharjah, Sharjah Emirate, United Arab Emirates","","https://ae.linkedin.com/jobs/view/junior-front-end-developer-web-development-remote-at-pulsemedia-4371277183","LinkedIn","2026-02-13T00:00:00Z","2026-02-13T15:27:59Z"
"d3591545bd9d","Quantitative Analytics Lending Analyst – REMOTE","CGS Business Solutions","Texas, United States","","https://www.linkedin.com/jobs/view/quantitative-analytics-lending-analyst-%E2%80%93-remote-at-cgs-business-solutions-4370447057","LinkedIn","2026-02-13T00:00:00Z","2026-02-13T15:28:14Z"
"fa77293a1cea","Data Engineer | Remote","Crossing Hurdles","Kenya","","https://ke.linkedin.com/jobs/view/data-engineer-remote-at-crossing-hurdles-4371115991","LinkedIn","2026-02-13T00:00:00Z","2026-02-13T13:04:36Z"
"289943066f9e","Data Engineer | Remote","Crossing Hurdles","Kenya","","https://ke.linkedin.com/jobs/view/data-engineer-remote-at-crossing-hurdles-4371115991","LinkedIn","2026-02-13T00:00:00Z","2026-02-13T15:27:57Z"
"e9990e65b56e","Senior Associate, Data Analytics and Customer Insights","Accion","Nairobi County, Kenya","","https://ke.linkedin.com/jobs/view/senior-associate-data-analytics-and-customer-insights-at-accion-4365341278","LinkedIn","2026-02-13T00:00:00Z","2026-02-13T15:27:57Z"
"8524ab07328a","Data Scientist","Wave Mobile Money","Kenya","","https://ke.linkedin.com/jobs/view/data-scientist-at-wave-mobile-money-4370906970","LinkedIn","2026-02-13T00:00:00Z","2026-02-13T15:27:57Z"
"db8e6d83d145","Security Software Engineer","Canonical","Nairobi, Nairobi County, Kenya","","https://ke.linkedin.com/jobs/view/security-software-engineer-at-canonical-4370138004","LinkedIn","2026-02-13T00:00:00Z","2026-02-13T12:37:08Z"
"c60b60e99baf","Data Engineer","International Rescue Committee","Nairobi, Nairobi County, Kenya","","https://ke.linkedin.com/jobs/view/data-engineer-at-international-rescue-committee-4365395852","LinkedIn","2026-02-13T00:00:00Z","2026-02-13T15:27:57Z"
"a31b4ce5f77a","Data Scientist","Educate!","Nairobi, Nairobi County, Kenya","","https://ke.linkedin.com/jobs/view/data-scientist-at-educate%21-4370510405","LinkedIn","2026-02-13T00:00:00Z","2026-02-13T13:04:36Z"
"cf74fa3921ea","Junior Front-End Developer - Web Development (Remote)","PULSEMEDIA","Ajman, Ajman Emirate, United Arab Emirates","","https://ae.linkedin.com/jobs/view/junior-front-end-developer-web-development-remote-at-pulsemedia-4363157132","LinkedIn","2026-02-13T00:00:00Z","2026-02-13T15:27:59Z"
"629b6bcedbc8","Senior Full Stack Engineer - Remote","TalentBurst, Inc.","Reston, Fairfax County","$132,031 - $132,031","https://www.adzuna.com/land/ad/5627674171?se=APdYgtwI8RGRUedbQseWig&utm_medium=api&utm_source=3f1b011b&v=FAA3AD9E461872265C4C9ACA9EC98DC0164B48DB","Adzuna-US","2026-02-13T00:00:00Z","2026-02-13T13:04:20Z"
"75b9cb7da5e0","Junior Front-End Developer - Web Development (Remote)","PULSEMEDIA","Sharjah, Sharjah Emirate, United Arab Emirates","","https://ae.linkedin.com/jobs/view/junior-front-end-developer-web-development-remote-at-pulsemedia-4371277183","LinkedIn","2026-02-13T00:00:00Z","2026-02-13T13:04:37Z"
"8de75c175394","Python Software Engineer - Remote Working - Up to £120,000 Base (+Bonus, equity etc)","Hunter Bond","London Area, United Kingdom","","https://uk.linkedin.com/jobs/view/python-software-engineer-remote-working-up-to-%C2%A3120-000-base-%2Bbonus-equity-etc-at-hunter-bond-4361869035","LinkedIn","2026-02-13T00:00:00Z","2026-02-13T15:28:02Z"
"771411fb1a03","Data Analyst","Stanbic Bank Tanzania","Kilimani division, Nairobi County, Kenya","","https://ke.linkedin.com/jobs/view/data-analyst-at-stanbic-bank-tanzania-4371755872","LinkedIn","2026-02-13T00:00:00Z","2026-02-13T15:27:57Z"
"a9fbb22fbd5f","Java Software Engineer","OBSS","Nairobi County, Kenya","","https://ke.linkedin.com/jobs/view/java-software-engineer-at-obss-4327940544","LinkedIn","2026-02-13T00:00:00Z","2026-02-13T15:28:17Z"
"4e2cbc781880","Senior Software Engineer","GiveDirectly","Nairobi, Nairobi County, Kenya","","https://ke.linkedin.com/jobs/view/senior-software-engineer-at-givedirectly-4360951742","LinkedIn","2026-02-13T00:00:00Z","2026-02-13T15:28:17Z"
"53b87c8e32b2","Data Engineer","International Rescue Committee","Nairobi, Nairobi County, Kenya","","https://ke.linkedin.com/jobs/view/data-engineer-at-international-rescue-committee-4365395852","LinkedIn","2026-02-13T00:00:00Z","2026-02-13T15:28:17Z"
"eda7292e2b22","Senior Software Engineer - Python/MongoDB","Canonical","Nairobi, Nairobi County, Kenya","","https://ke.linkedin.com/jobs/view/senior-software-engineer-python-mongodb-at-canonical-4370325059","LinkedIn","2026-02-13T00:00:00Z","2026-02-13T15:28:17Z"
"e96c8bf58067","Software Engineer | Remote","Crossing Hurdles","Kenya","","https://ke.linkedin.com/jobs/view/software-engineer-remote-at-crossing-hurdles-4371131772","LinkedIn","2026-02-13T00:00:00Z","2026-02-13T15:28:17Z"
"09e1ddb34e98","Data Scientist | Remote","Crossing Hurdles","Kenya","","https://ke.linkedin.com/jobs/view/data-scientist-remote-at-crossing-hurdles-4371127580","LinkedIn","2026-02-13T00:00:00Z","2026-02-13T15:28:17Z"
"a318c3d31db7","Junior Front-End Developer - Web Development (Remote)","PULSEMEDIA","Abu Dhabi, Abu Dhabi Emirate, United Arab Emirates","","https://ae.linkedin.com/jobs/view/junior-front-end-developer-web-development-remote-at-pulsemedia-4371257693","LinkedIn","2026-02-13T00:00:00Z","2026-02-13T15:27:59Z"
"e12bf3f353f2","Senior Associate, Data Analytics and Customer Insights","Accion","Nairobi County, Kenya","","https://ke.linkedin.com/jobs/view/senior-associate-data-analytics-and-customer-insights-at-accion-4365341278","LinkedIn","2026-02-13T00:00:00Z","2026-02-13T13:04:36Z"
"3fac67d997b6","Python Software Engineer - Remote Working - Up to £120,000 Base (+Bonus, equity etc)","Hunter Bond","London Area, United Kingdom","","https://uk.linkedin.com/jobs/view/python-software-engineer-remote-working-up-to-%C2%A3120-000-base-%2Bbonus-equity-etc-at-hunter-bond-4361869035","LinkedIn","2026-02-13T00:00:00Z","2026-02-13T13:04:38Z"
"a1d8ed54107a","Security Software Engineer","Canonical","Nairobi, Nairobi County, Kenya","","https://ke.linkedin.com/jobs/view/security-software-engineer-at-canonical-4370138004","LinkedIn","2026-02-13T00:00:00Z","2026-02-13T13:04:43Z"
"b82ed3f00835","Data Scientist | Remote","Crossing Hurdles","Kenya","","https://ke.linkedin.com/jobs/view/data-scientist-remote-at-crossing-hurdles-4371127580","LinkedIn","2026-02-13T00:00:00Z","2026-02-13T13:04:43Z"
"c847e5eb4931","Data Scientist","Wave Mobile Money","Kenya","","https://ke.linkedin.com/jobs/view/data-scientist-at-wave-mobile-money-4370906970","LinkedIn","2026-02-13T00:00:00Z","2026-02-13T13:04:36Z"
"218e12220fdd","Data Engineer","International Rescue Committee","Nairobi, Nairobi County, Kenya","","https://ke.linkedin.com/jobs/view/data-engineer-at-international-rescue-committee-4365395852","LinkedIn","2026-02-13T00:00:00Z","2026-02-13T13:04:36Z"
"302abcc627d8","Junior Front-End Developer - Web Development (Remote)","PULSEMEDIA","Ajman, Ajman Emirate, United Arab Emirates","","https://ae.linkedin.com/jobs/view/junior-front-end-developer-web-development-remote-at-pulsemedia-4363157132","LinkedIn","2026-02-13T00:00:00Z","2026-02-13T13:04:37Z"
"51d52ddd000d","Senior Software Engineer","GiveDirectly","Nairobi, Nairobi County, Kenya","","https://ke.linkedin.com/jobs/view/senior-software-engineer-at-givedirectly-4360951742","LinkedIn","2026-02-13T00:00:00Z","2026-02-13T12:37:08Z"
"65a086d737ec","Data Engineer","International Rescue Committee","Nairobi, Nairobi County, Kenya","","https://ke.linkedin.com/jobs/view/data-engineer-at-international-rescue-committee-4365395852","LinkedIn","2026-02-13T00:00:00Z","2026-02-13T12:37:02Z"
"97fa6845a6ad","Quantitative Developer - Powering systematic trading in a global Hedge Fund","Saragossa","London Area, United Kingdom","","https://uk.linkedin.com/jobs/view/quantitative-developer-powering-systematic-trading-in-a-global-hedge-fund-at-saragossa-4363095907","LinkedIn","2026-02-13T00:00:00Z","2026-02-13T13:04:41Z"
"13e2f59dcf92","Quantitative Developer - Powering systematic trading in a global Hedge Fund","Saragossa","London Area, United Kingdom","","https://uk.linkedin.com/jobs/view/quantitative-developer-powering-systematic-trading-in-a-global-hedge-fund-at-saragossa-4363095907","LinkedIn","2026-02-13T00:00:00Z","2026-02-13T15:28:10Z"
"447f729c6472","Security Software Engineer","Canonical","Nairobi, Nairobi County, Kenya","","https://ke.linkedin.com/jobs/view/security-software-engineer-at-canonical-4370138004","LinkedIn","2026-02-13T00:00:00Z","2026-02-13T15:28:17Z"
"1aa6d01effb5","Data Scientist","Educate!","Nairobi, Nairobi County, Kenya","","https://ke.linkedin.com/jobs/view/data-scientist-at-educate%21-4370510405","LinkedIn","2026-02-13T00:00:00Z","2026-02-13T15:28:17Z"
"4b41850914f6","Quantitative Analytics Lending Analyst – REMOTE","CGS Business Solutions","Texas, United States","","https://www.linkedin.com/jobs/view/quantitative-analytics-lending-analyst-%E2%80%93-remote-at-cgs-business-solutions-4370447057","LinkedIn","2026-02-13T00:00:00Z","2026-02-13T13:04:42Z"
"dbe29ef4fe4d","Software Engineer | Remote","Crossing Hurdles","Kenya","","https://ke.linkedin.com/jobs/view/software-engineer-remote-at-crossing-hurdles-4371131772","LinkedIn","2026-02-13T00:00:00Z","2026-02-13T13:04:43Z"
"6e0f42c1b502","Data Engineer | Remote","Crossing Hurdles","Kenya","","https://ke.linkedin.com/jobs/view/data-engineer-remote-at-crossing-hurdles-4371115991","LinkedIn","2026-02-13T00:00:00Z","2026-02-13T13:04:43Z"
"b6b05bedd1ad","Data Engineer","International Rescue Committee","Nairobi, Nairobi County, Kenya","","https://ke.linkedin.com/jobs/view/data-engineer-at-international-rescue-committee-4365395852","LinkedIn","2026-02-13T00:00:00Z","2026-02-13T13:04:43Z"
"81d3f7942750","Senior Software Engineer","GiveDirectly","Nairobi, Nairobi County, Kenya","","https://ke.linkedin.com/jobs/view/senior-software-engineer-at-givedirectly-4360951742","LinkedIn","2026-02-13T00:00:00Z","2026-02-13T13:04:43Z"
"4691f8bebe0a","Senior Full Stack Engineer - Remote","TalentBurst, Inc.","Reston, Fairfax County","$132,031 - $132,031","https://www.adzuna.com/land/ad/5627674171?se=mjmHqNgI8RGMSfhbfmc2nQ&utm_medium=api&utm_source=3f1b011b&v=FAA3AD9E461872265C4C9ACA9EC98DC0164B48DB","Adzuna-US","2026-02-13T00:00:00Z","2026-02-13T12:36:46Z"
"abf54b137e72","Java Software Engineer","OBSS","Nairobi County, Kenya","","https://ke.linkedin.com/jobs/view/java-software-engineer-at-obss-4327940544","LinkedIn","2026-02-13T00:00:00Z","2026-02-13T13:04:43Z"
"5dd1e0a00147","Data Scientist","Educate!","Nairobi, Nairobi County, Kenya","","https://ke.linkedin.com/jobs/view/data-scientist-at-educate%21-4370510405","LinkedIn","2026-02-13T00:00:00Z","2026-02-13T15:27:57Z"
"ddd144bf5bc9","Senior Software Engineer - Python/MongoDB","Canonical","Nairobi, Nairobi County, Kenya","","https://ke.linkedin.com/jobs/view/senior-software-engineer-python-mongodb-at-canonical-4370325059","LinkedIn","2026-02-13T00:00:00Z","2026-02-13T13:04:43Z"
"1d43e7ce13f5","Data Scientist","Educate!","Nairobi, Nairobi County, Kenya","","https://ke.linkedin.com/jobs/view/data-scientist-at-educate%21-4370510405","LinkedIn","2026-02-13T00:00:00Z","2026-02-13T13:04:43Z"
"5a5b79a7fb9b","Data Engineer | Remote","Crossing Hurdles","Kenya","","https://ke.linkedin.com/jobs/view/data-engineer-remote-at-crossing-hurdles-4371115991","LinkedIn","2026-02-13T00:00:00Z","2026-02-13T15:28:17Z"
"c4f8d0a5194a","Java Software Engineer","OBSS","Nairobi County, Kenya","","https://ke.linkedin.com/jobs/view/java-software-engineer-at-obss-4327940544","LinkedIn","2026-02-13T00:00:00Z","2026-02-13T12:37:08Z"
"aa79129e2a79","Remote DS/MLE Manager","Jobgether","Maryland, Anne Arundel County","$94,224 - $94,224","https://www.adzuna.com/details/5626918986?utm_medium=api&utm_source=3f1b011b","Adzuna-US","2026-02-12T19:14:20Z","2026-02-13T15:36:58Z"
"7253d411b821","AI/ML Engineer, IT Operations, Deloitte Global Operations","Deloitte","Toronto, Ontario","","https://www.adzuna.ca/details/5626653472?utm_medium=api&utm_source=3f1b011b","Adzuna-CA","2026-02-12T16:13:08Z","2026-02-13T15:37:03Z"
"2ea926dda206","Senior Software Engineer (Python Distributed systems)","Scribd, Inc.","Greater Vancouver, British Columbia","","https://www.adzuna.ca/details/5626639413?utm_medium=api&utm_source=3f1b011b","Adzuna-CA","2026-02-12T16:03:49Z","2026-02-13T15:37:03Z"
"9eb63fbf6a60","Head of Machine Learning (Remote - UK/Europe/Americas)","Mimica","Toronto, Ontario","","https://www.adzuna.ca/details/5626639232?utm_medium=api&utm_source=3f1b011b","Adzuna-CA","2026-02-12T16:03:45Z","2026-02-13T15:37:06Z"
